<?xml version="1.0" encoding="UTF-8"?>
<beans xmlns="http://www.springframework.org/schema/beans" 
	xmlns:xsi="http://www.w3.org/2001/XMLSchema-instance"
	xmlns:context="http://www.springframework.org/schema/context" 
	xmlns:jdbc="http://www.springframework.org/schema/jdbc"  
	xmlns:jee="http://www.springframework.org/schema/jee" 
	xmlns:tx="http://www.springframework.org/schema/tx"
	xmlns:aop="http://www.springframework.org/schema/aop" 
	xmlns:mvc="http://www.springframework.org/schema/mvc"
	xmlns:util="http://www.springframework.org/schema/util"
	xmlns:jpa="http://www.springframework.org/schema/data/jpa"
	xsi:schemaLocation="
		http://www.springframework.org/schema/beans http://www.springframework.org/schema/beans/spring-beans-3.2.xsd
		http://www.springframework.org/schema/context http://www.springframework.org/schema/context/spring-context-3.2.xsd
		http://www.springframework.org/schema/jdbc http://www.springframework.org/schema/jdbc/spring-jdbc-3.2.xsd
		http://www.springframework.org/schema/jee http://www.springframework.org/schema/jee/spring-jee-3.2.xsd
		http://www.springframework.org/schema/tx http://www.springframework.org/schema/tx/spring-tx-3.2.xsd
		http://www.springframework.org/schema/data/jpa http://www.springframework.org/schema/data/jpa/spring-jpa-1.3.xsd
		http://www.springframework.org/schema/aop http://www.springframework.org/schema/aop/spring-aop-3.2.xsd
		http://www.springframework.org/schema/mvc http://www.springframework.org/schema/mvc/spring-mvc-3.2.xsd
		http://www.springframework.org/schema/util http://www.springframework.org/schema/util/spring-util-3.2.xsd">
<!-- 定义DataSource useUnicode=true&amp;characterEncoding=utf8-->
<bean id="dbcp" class="org.apache.commons.dbcp.BasicDataSource">
   <property name="username" value="root"></property>
   <property name="password" value="123456"></property>
   <property name="driverClassName" value="com.mysql.jdbc.Driver"></property>
   <property name="url" value="jdbc:mysql:///cloud_note?useUnicode=true&amp;characterEncoding=UTF-8"></property>
</bean>  
<!-- 定义SQLSessionFactoryBean -->
<bean id="ssf" class="org.mybatis.spring.SqlSessionFactoryBean">
    <!-- 指定DataSource -->
    <property name="dataSource" ref="dbcp">
    </property>
    <!-- 指定SQL定义文件 -->
    <property name="mapperLocations"
    value="classpath:mapper/*.xml">
    </property>
</bean>

<!-- 定义MapperScanner -->
<bean id="mapperScanner" class="org.mybatis.spring.mapper.MapperScannerConfigurer">
    <!-- 指定Mapper借口 -->
    <property name="basePackage"
     value="com.tedu.cloudnote.dao">
    </property>
    <!-- 指定SQLSessionFactory -->
</bean>

</beans>