<?xml version="1.0" encoding="UTF-8" ?>  
<!DOCTYPE mapper PUBLIC "-//ibatis.apache.org//DTD Mapper 3.0//EN"      
 "http://ibatis.apache.org/dtd/ibatis-3-mapper.dtd">
<mapper namespace="com.tedu.cloudnote.dao.AssociationDao">

<select id="findById"
parameterType="string"
resultMap="bookMap1">
  select * from cn_notebook
  where cn_notebook_id = #{bookId} 
</select>
<!-- 自定义数据装载规则 -->
<resultMap type="com.tedu.cloudnote.entity.Book"
 id="bookMap1">
   <!-- Book属性加载可以省略，名称一致 -->
   <id property="cn_notebook_id" column="cn_notebook_id" />
   <result property="cn_notebook_name" column="cn_notebook_name"/>
   <!-- 指定User属性的加载 -->
   <association property="user"
   javaType="com.tedu.cloudnote.entity.User"
   select="">
   </association>
</resultMap>

<select id="findUser">
select * from cn_user
where cn_user_id=#{userId}
</select>



</mapper>